sample_name,medical_specialty
0,0
1,1
1,1
2,2
2,2
3,1
4,1
2,2
5,1
2,2
3,1
6,2
7,3
8,1
9,4
10,1
11,2
12,1
13,5
14,6
15,5
16,1
13,5
13,5
17,5
13,5
18,5
19,5
20,5
13,5
21,5
21,5
22,5
19,5
23,5
24,5
25,5
26,5
27,5
28,5
27,5
29,5
30,5
31,5
32,5
33,5
34,5
35,5
36,5
37,5
36,5
36,5
38,5
39,5
40,5
41,5
42,5
36,5
43,5
39,5
39,5
44,5
45,5
46,5
39,5
39,5
39,5
47,5
48,5
49,5
50,5
51,5
52,5
53,5
54,5
55,5
55,5
56,5
57,5
52,5
58,5
59,5
60,5
61,5
62,5
63,5
64,5
56,5
65,5
66,5
67,5
68,5
69,5
68,5
70,5
68,5
68,5
71,5
72,5
72,5
72,5
72,5
72,5
72,5
72,5
72,5
73,5
74,5
75,5
76,5
77,5
76,5
78,5
79,5
80,5
80,5
81,5
82,5
83,5
82,5
84,5
85,5
86,5
87,5
88,5
88,5
89,5
90,5
91,5
92,5
93,5
91,5
94,5
93,5
95,5
96,5
97,5
98,5
99,5
94,5
100,5
101,5
100,5
102,5
97,5
103,5
104,5
103,5
105,5
106,5
107,5
108,5
108,5
108,5
109,5
110,5
111,5
112,5
113,5
108,5
108,5
108,5
108,5
114,5
108,5
115,5
108,5
108,5
108,5
116,5
117,5
118,5
119,5
120,5
121,7
122,5
123,5
124,7
125,5
126,7
127,5
128,7
124,7
129,7
130,7
131,7
132,7
132,7
133,7
132,7
134,7
135,7
132,7
132,7
136,7
137,7
13,7
13,7
138,7
139,7
132,7
13,7
13,7
13,7
140,7
140,7
141,7
19,7
142,7
143,7
144,7
145,7
19,7
146,7
147,7
148,7
149,7
150,7
27,7
151,7
26,7
152,7
153,7
154,7
155,7
156,7
27,7
157,7
158,7
156,7
159,7
156,7
160,7
161,7
162,7
163,7
163,7
164,7
161,7
165,7
25,7
166,7
167,7
168,7
169,7
11,7
170,7
171,7
172,7
173,7
174,7
175,7
172,7
172,7
176,7
177,7
175,7
177,7
178,7
179,7
180,7
181,7
180,7
180,7
180,7
182,7
182,7
182,7
182,7
183,7
184,7
184,7
182,7
182,7
185,7
186,7
187,7
188,7
189,7
190,7
191,7
192,7
193,7
194,7
195,7
196,7
197,7
198,7
199,7
200,7
201,7
202,7
200,7
203,7
204,7
201,7
203,7
205,7
206,7
203,7
207,7
208,7
209,7
210,7
211,7
212,7
213,7
209,7
214,7
215,7
216,7
217,7
218,7
219,7
220,7
221,7
222,7
216,7
223,7
224,7
219,7
225,7
226,7
227,7
228,7
229,7
229,7
230,7
231,7
232,7
233,7
234,7
235,7
32,7
236,7
237,7
33,7
238,7
239,7
240,7
241,7
29,7
242,7
243,7
242,7
244,7
242,7
242,7
245,7
246,7
247,7
248,7
34,7
249,7
250,7
251,7
252,7
253,7
254,7
255,7
256,7
249,7
257,7
258,7
249,7
259,7
260,7
261,7
262,7
31,7
261,7
263,7
264,7
265,7
261,7
42,7
266,7
267,7
268,7
269,7
270,7
271,7
272,7
273,7
274,7
275,7
276,7
275,7
277,7
278,7
273,7
273,7
279,7
280,7
280,7
35,7
281,7
282,7
283,7
284,7
41,7
282,7
277,7
36,7
36,7
36,7
36,7
285,7
286,7
287,7
286,7
286,7
286,7
288,7
289,7
286,7
290,7
286,7
291,7
292,7
293,7
294,7
295,7
296,7
297,7
298,7
299,7
300,7
294,7
301,7
302,7
302,7
303,7
302,7
304,7
305,7
306,7
303,7
306,7
307,7
306,7
306,7
306,7
308,7
306,7
308,7
308,7
306,7
308,7
308,7
306,7
308,7
309,7
45,7
310,7
311,7
312,7
312,7
46,7
313,7
314,7
315,7
316,7
317,7
318,7
319,7
320,7
321,7
322,7
323,7
323,7
54,7
324,7
325,7
326,7
327,7
328,7
327,7
328,7
329,7
330,7
331,7
332,7
333,7
334,7
329,7
335,7
336,7
337,7
338,7
338,7
338,7
338,7
338,7
52,7
338,7
56,7
338,7
338,7
55,7
55,7
52,7
339,7
57,7
340,7
56,7
58,7
341,7
342,7
343,7
344,7
345,7
346,7
346,7
347,7
348,7
346,7
346,7
349,7
350,7
60,7
350,7
346,7
346,7
351,7
352,7
353,7
354,7
355,7
356,7
357,7
358,7
359,7
358,7
358,7
360,7
358,7
361,7
362,7
361,7
363,7
364,7
365,7
61,7
366,7
367,7
366,7
368,7
369,7
370,7
366,7
371,7
372,7
373,7
374,7
375,7
376,7
62,7
377,7
378,7
66,7
379,7
378,7
378,7
378,7
380,7
381,7
382,7
383,7
384,7
385,7
386,7
385,7
387,7
385,7
388,7
389,7
390,7
391,7
391,7
391,7
391,7
390,7
391,7
391,7
391,7
391,7
391,7
391,7
391,7
392,7
393,7
394,7
395,7
392,7
4,7
396,7
397,7
5,7
397,7
398,7
5,7
399,7
400,7
401,7
402,7
403,7
404,7
70,7
405,7
64,7
406,7
407,7
408,7
409,7
410,7
411,7
412,7
413,7
413,7
414,7
415,7
413,7
413,7
413,7
65,7
416,7
417,7
413,7
67,7
3,7
418,7
419,7
3,7
420,7
421,7
422,7
422,7
421,7
421,7
421,7
421,7
421,7
421,7
421,7
421,7
421,7
421,7
423,7
424,7
423,7
425,7
426,7
423,7
423,7
427,7
423,7
423,7
12,7
428,7
429,7
430,7
431,7
432,7
433,7
434,7
435,7
435,7
436,7
432,7
437,7
438,7
439,7
440,7
441,7
435,7
442,7
443,7
444,7
445,7
71,7
69,7
446,7
68,7
68,7
68,7
72,7
68,7
72,7
72,7
72,7
72,7
72,7
72,7
72,7
74,7
447,7
73,7
448,7
449,7
450,7
451,7
75,7
452,7
75,7
75,7
75,7
453,7
75,7
454,7
75,7
455,7
456,7
75,7
457,7
458,7
75,7
76,7
459,7
77,7
460,7
461,7
76,7
80,7
80,7
78,7
462,7
463,7
464,7
81,7
79,7
465,7
466,7
467,7
468,7
469,7
470,7
471,7
469,7
469,7
472,7
470,7
469,7
469,7
469,7
469,7
469,7
469,7
469,7
469,7
469,7
473,7
474,7
473,7
469,7
473,7
475,7
476,7
477,7
475,7
478,7
476,7
476,7
475,7
479,7
480,7
481,7
482,7
483,7
482,7
484,7
485,7
486,7
485,7
482,7
482,7
87,7
487,7
488,7
489,7
489,7
88,7
490,7
489,7
491,7
492,7
493,7
494,7
495,7
88,7
496,7
497,7
498,7
497,7
499,7
500,7
501,7
497,7
497,7
502,7
503,7
504,7
505,7
506,7
506,7
507,7
508,7
509,7
510,7
511,7
512,7
512,7
513,7
514,7
515,7
516,7
517,7
516,7
516,7
516,7
512,7
518,7
519,7
516,7
520,7
521,7
519,7
522,7
523,7
522,7
521,7
522,7
522,7
522,7
522,7
522,7
522,7
522,7
522,7
522,7
522,7
522,7
524,7
525,7
522,7
526,7
527,7
528,7
89,7
529,7
530,7
531,7
532,7
529,7
533,7
534,7
535,7
536,7
535,7
537,7
535,7
538,7
535,7
95,7
535,7
539,7
540,7
541,7
542,7
542,7
543,7
544,7
545,7
544,7
546,7
547,7
544,7
548,7
549,7
544,7
549,7
549,7
550,7
551,7
552,7
553,7
554,7
555,7
556,7
557,7
558,7
559,7
560,7
561,7
562,7
563,7
564,7
565,7
566,7
567,7
568,7
569,7
570,7
571,7
571,7
572,7
573,7
574,7
568,7
568,7
568,7
568,7
568,7
568,7
568,7
568,7
575,7
576,7
568,7
575,7
568,7
577,7
578,7
579,7
580,7
581,7
582,7
583,7
583,7
584,7
585,7
586,7
586,7
97,7
584,7
584,7
97,7
96,7
99,7
100,7
100,7
107,7
101,7
106,7
112,7
587,7
105,7
104,7
102,7
103,7
588,7
103,7
589,7
590,7
591,7
592,7
592,7
592,7
592,7
592,7
592,7
592,7
110,7
593,7
592,7
592,7
594,7
595,7
596,7
597,7
598,7
599,7
600,7
601,7
602,7
603,7
604,7
605,7
601,7
601,7
601,7
601,7
606,7
607,7
607,7
607,7
607,7
607,7
606,7
608,7
609,7
608,7
608,7
606,7
608,7
608,7
608,7
608,7
608,7
608,7
608,7
608,7
608,7
608,7
608,7
608,7
608,7
608,7
608,7
608,7
608,7
608,7
610,7
611,7
612,7
608,7
613,7
614,7
608,7
615,7
616,7
617,7
618,7
619,7
619,7
619,7
108,7
616,7
113,7
108,7
108,7
108,7
108,7
108,7
108,7
108,7
620,7
620,7
108,7
621,7
108,7
108,7
622,7
623,7
624,7
625,7
626,7
627,7
628,7
629,7
630,7
631,7
632,7
633,7
634,7
635,7
636,7
637,7
638,7
639,7
640,7
641,7
642,7
643,7
114,7
644,7
645,7
646,7
647,7
648,7
645,7
645,7
647,7
647,7
647,7
647,7
647,7
647,7
647,7
647,7
649,7
649,7
647,7
650,7
647,7
651,7
652,7
653,7
653,7
653,7
654,7
655,7
656,7
657,7
647,7
653,7
656,7
656,7
656,7
656,7
656,7
656,7
656,7
656,7
656,7
656,7
658,7
656,7
659,7
660,7
661,7
662,7
663,7
656,7
662,7
664,7
662,7
662,7
665,7
666,7
667,7
668,7
669,7
670,7
671,7
672,7
673,7
674,7
675,7
676,7
677,7
678,7
679,7
677,7
680,7
677,7
681,7
677,7
677,7
677,7
682,7
677,7
677,7
683,7
684,7
677,7
682,7
677,7
685,7
685,7
685,7
682,7
115,7
686,7
687,7
9,7
688,7
689,7
690,7
691,7
690,7
690,7
692,7
692,7
693,7
694,7
120,7
692,7
690,7
116,7
125,7
123,7
692,7
695,7
696,7
697,7
697,7
698,7
699,7
697,7
700,7
701,7
702,7
703,7
704,7
705,7
704,7
704,7
704,7
706,7
707,7
708,7
707,7
707,7
707,7
709,7
707,7
710,7
711,7
712,7
713,7
714,7
715,7
716,7
717,7
718,7
719,7
720,7
721,7
722,7
723,7
724,7
721,7
725,7
726,7
724,7
727,7
728,7
728,7
729,7
730,7
731,7
730,7
732,7
733,7
733,7
734,7
735,7
724,7
736,7
733,7
733,7
737,7
734,7
738,7
738,7
739,7
740,7
741,7
742,7
738,7
741,7
738,7
741,7
741,7
741,7
741,7
741,7
741,7
741,7
743,7
743,7
741,7
744,7
745,7
744,7
746,7
744,7
745,7
745,7
745,7
745,7
747,7
748,7
749,7
750,7
127,7
747,7
751,7
752,7
749,7
748,7
748,7
753,7
754,7
755,7
756,7
757,7
758,7
759,7
760,8
761,8
760,8
760,8
762,7
761,8
763,8
764,9
765,8
766,9
767,9
768,8
765,8
769,9
770,9
771,9
180,9
772,9
773,9
774,9
23,9
21,9
775,9
775,9
775,9
775,9
775,9
775,9
776,9
777,9
778,9
779,9
780,9
781,9
782,9
783,9
784,9
785,9
786,9
39,9
39,9
38,9
39,9
39,9
43,9
787,9
787,9
787,9
788,9
789,9
790,9
791,9
792,9
298,9
793,9
794,9
795,9
53,9
796,9
797,9
798,9
338,9
799,9
800,9
799,9
801,9
802,9
366,9
803,9
804,9
805,9
806,9
807,9
808,9
809,9
810,9
811,9
812,9
813,9
12,9
814,9
392,9
815,9
447,9
816,9
817,9
818,9
818,9
818,9
817,9
818,9
819,9
818,9
818,9
818,9
820,9
818,9
818,9
818,9
818,9
818,9
820,9
820,9
820,9
820,9
820,9
820,9
820,9
820,9
820,9
820,9
820,9
821,9
820,9
822,9
85,9
820,9
823,9
824,9
825,9
488,9
826,9
827,9
828,9
92,9
829,9
98,9
830,9
828,9
828,9
828,9
828,9
828,9
828,9
831,9
828,9
93,9
831,9
832,9
570,9
833,9
828,9
834,9
835,9
836,9
837,9
838,9
585,9
111,9
839,9
840,9
841,9
839,9
842,9
843,9
844,9
845,9
846,9
669,9
847,9
848,9
847,9
849,9
850,9
851,9
852,9
853,9
854,9
853,9
855,9
856,9
857,9
858,9
859,9
860,10
0,9
861,9
860,10
860,10
860,10
862,10
776,10
863,10
864,10
778,10
865,10
805,10
866,10
867,10
868,10
868,10
869,10
868,10
868,10
870,10
871,11
868,10
781,11
871,11
872,11
871,11
819,11
873,11
109,11
874,11
24,12
875,12
874,11
876,12
15,12
876,12
876,12
876,12
876,12
876,12
876,12
877,12
877,12
876,12
877,12
877,12
877,12
877,12
876,12
877,12
878,12
879,12
877,12
878,12
877,12
877,12
878,12
878,12
30,12
158,12
878,12
878,12
878,12
880,12
213,12
880,12
881,12
882,12
883,12
884,12
885,12
886,12
887,12
888,12
889,12
890,12
891,12
273,12
892,12
893,12
273,12
892,12
273,12
894,12
40,12
895,12
323,12
896,12
897,12
898,12
899,12
279,12
900,12
901,12
902,12
902,12
903,12
904,12
905,12
902,12
901,12
901,12
906,12
907,12
908,12
906,12
906,12
906,12
908,12
909,12
910,12
911,12
912,12
906,12
913,12
914,12
915,12
915,12
915,12
916,12
917,12
916,12
915,12
917,12
915,12
916,12
918,12
919,12
920,12
921,12
918,12
922,12
919,12
923,12
919,12
924,12
925,12
926,12
927,12
928,12
929,12
929,12
929,12
929,12
929,12
929,12
929,12
929,12
929,12
929,12
929,12
929,12
929,12
930,12
7,12
929,12
930,12
931,12
932,12
933,12
931,12
934,12
383,12
931,12
935,12
413,12
936,12
937,12
422,12
938,12
939,12
940,12
941,12
942,12
943,12
944,12
945,12
942,12
503,12
938,12
946,12
947,12
948,12
948,12
949,12
948,12
90,12
948,12
948,12
948,12
948,12
948,12
950,12
951,12
543,12
948,12
952,12
948,12
951,12
953,12
951,12
951,12
954,12
955,12
956,12
957,12
958,12
588,12
591,12
959,12
955,12
960,12
961,12
962,12
963,12
964,12
965,12
966,12
967,12
968,12
968,12
969,12
968,12
970,12
970,12
971,12
971,12
969,12
969,12
971,12
972,12
973,12
974,12
971,12
974,12
971,12
975,12
976,12
974,12
977,12
976,12
978,12
976,12
977,12
977,12
979,12
977,12
977,12
980,12
980,12
980,12
981,12
980,12
981,12
980,12
977,12
980,12
980,12
980,12
980,12
980,12
980,12
980,12
982,12
980,12
982,12
982,12
983,12
982,12
982,12
984,12
985,12
986,12
987,12
988,12
987,12
989,12
990,12
991,12
992,12
987,12
993,12
994,12
995,12
996,12
997,12
998,12
997,12
999,12
1000,12
1001,12
1002,12
1003,12
1004,12
1005,12
1006,12
1007,12
1008,12
2,12
1009,12
2,12
2,12
784,13
2,12
1010,13
1011,13
1012,13
1013,13
1013,13
6,12
1014,13
1015,13
1016,13
1016,13
1016,13
1015,13
1016,13
1015,13
1014,13
1017,13
1018,13
1014,13
1018,13
1019,13
1019,13
1018,13
1018,13
1018,13
1018,13
1018,13
1018,13
1018,13
1018,13
1018,13
1018,13
1018,13
1018,13
1020,13
1018,13
1021,13
1020,13
1020,13
1020,13
1022,13
1023,13
1020,13
1024,13
1025,13
1020,13
1026,13
1027,13
1028,13
1029,13
1030,13
206,14
1031,14
880,14
854,13
217,14
1032,13
880,14
895,14
791,14
1033,13
298,14
295,14
1034,14
349,14
307,14
1034,14
916,14
916,14
930,14
1034,14
916,14
448,14
376,14
447,14
438,14
930,14
379,14
478,14
454,14
483,14
489,14
488,14
1035,14
489,14
1036,14
821,14
570,14
669,14
575,14
667,14
728,14
671,14
668,14
1037,14
673,14
687,14
1038,14
666,14
1039,14
728,14
1040,15
793,15
793,15
793,15
793,15
793,15
793,15
793,15
1041,15
1042,15
948,15
1043,15
948,15
948,15
948,15
948,15
948,15
948,15
1044,16
948,15
948,15
948,15
1044,16
1044,16
1044,16
1044,16
149,16
1045,16
1046,16
1044,16
1044,16
1047,16
1048,16
891,16
1048,16
236,16
254,16
1049,16
887,16
1050,16
1050,16
1048,16
872,16
1051,16
1052,16
1053,16
1054,16
50,16
1055,16
318,16
1056,16
1053,16
1057,16
1058,16
1059,16
1060,16
904,16
1059,16
1061,16
374,16
1062,16
1063,16
1064,16
1065,16
74,16
1066,16
1067,16
484,16
822,16
1068,16
1069,16
1070,16
1071,16
1072,16
1073,16
108,16
1074,16
94,16
1075,16
1076,16
108,16
108,16
1077,16
1078,16
674,16
628,16
1079,16
1080,16
158,17
1081,16
1082,17
1083,16
1084,17
205,17
1085,17
677,16
1084,17
214,17
1086,17
273,17
1087,17
279,17
273,17
1088,17
795,17
1089,17
273,17
1090,17
347,17
273,17
1091,17
1092,17
1092,17
375,17
383,17
1092,17
1093,17
1094,17
1095,17
1092,17
1096,17
1094,17
1097,17
1098,17
1094,17
1099,17
1100,17
1101,17
1102,17
503,17
1101,17
1101,17
533,17
1103,17
555,17
1104,17
1101,17
1105,17
1106,17
1107,17
1108,17
1109,17
1110,17
1111,17
1112,17
1110,17
1113,17
1110,17
1114,17
126,18
1115,17
1116,17
121,18
1117,18
130,18
134,18
1118,17
1119,17
161,18
154,18
147,18
164,18
151,18
172,18
175,18
172,18
161,18
175,18
162,18
177,18
178,18
176,18
179,18
172,18
188,18
177,18
190,18
880,18
880,18
205,18
206,18
213,18
217,18
212,18
233,18
234,18
199,18
225,18
223,18
235,18
222,18
232,18
887,18
265,18
1120,18
1086,18
783,18
258,18
244,18
264,18
1121,18
275,18
781,18
275,18
292,18
1122,18
894,18
294,18
1123,18
279,18
299,18
294,18
307,18
317,18
793,18
51,18
793,18
793,18
872,18
793,18
321,18
793,18
795,18
329,18
1124,18
329,18
800,18
331,18
333,18
1125,18
1125,18
1125,18
1125,18
1124,18
1125,18
1125,18
1126,18
332,18
1127,18
337,18
334,18
335,18
336,18
1126,18
330,18
338,18
338,18
338,18
338,18
338,18
338,18
338,18
338,18
905,18
348,18
338,18
347,18
341,18
342,18
1128,18
1129,18
901,18
903,18
901,18
901,18
363,18
1130,18
907,18
906,18
908,18
906,18
908,18
910,18
911,18
915,18
915,18
906,18
906,18
914,18
906,18
915,18
915,18
916,18
915,18
916,18
916,18
920,18
918,18
918,18
919,18
925,18
921,18
919,18
930,18
922,18
919,18
930,18
924,18
379,18
370,18
1131,18
386,18
375,18
387,18
1132,18
388,18
385,18
383,18
1133,18
389,18
1134,18
384,18
1096,18
400,18
396,18
399,18
403,18
426,18
813,18
431,18
815,18
1135,18
437,18
427,18
428,18
436,18
434,18
436,18
1136,18
430,18
433,18
1137,18
432,18
432,18
435,18
1138,18
1139,18
435,18
439,18
1140,18
435,18
444,18
445,18
435,18
1141,18
453,18
75,18
1142,18
454,18
461,18
448,18
1143,18
1041,18
470,18
465,18
1041,18
470,18
470,18
476,18
1144,18
476,18
476,18
477,18
489,18
486,18
1145,18
478,18
489,18
491,18
1146,18
944,18
537,18
513,18
509,18
1147,18
538,18
827,18
540,18
558,18
556,18
1148,18
94,18
565,18
559,18
94,18
555,18
567,18
577,18
583,18
562,18
576,18
574,18
575,18
583,18
968,18
969,18
966,18
969,18
969,18
968,18
970,18
974,18
975,18
970,18
109,18
597,18
612,18
109,18
974,18
974,18
617,18
619,18
842,18
610,18
637,18
1149,18
619,18
647,18
648,18
647,18
844,18
634,18
647,18
647,18
647,18
647,18
647,18
647,18
647,18
647,18
651,18
649,18
647,18
660,18
647,18
666,18
671,18
649,18
667,18
665,18
673,18
1150,18
668,18
1151,18
1152,18
709,18
1153,18
1154,18
701,18
710,18
719,18
711,18
716,18
720,18
713,18
714,18
717,18
718,18
721,18
726,18
721,18
724,18
722,18
729,18
724,18
724,18
723,18
731,18
728,18
727,18
739,18
728,18
738,18
732,18
737,18
740,18
738,18
738,18
741,18
741,18
738,18
741,18
741,18
742,18
741,18
741,18
741,18
741,18
741,18
744,18
741,18
745,18
743,18
741,18
744,18
744,18
743,18
745,18
745,18
745,18
1155,18
755,18
745,18
1156,18
746,18
756,18
1157,18
124,19
753,18
132,19
124,19
132,19
132,19
132,19
132,19
1158,19
132,19
133,19
249,19
173,19
152,19
249,19
167,19
249,19
261,19
261,19
261,19
1159,19
268,19
277,19
276,19
263,19
277,19
303,19
1160,19
306,19
306,19
306,19
304,19
303,19
306,19
306,19
306,19
308,19
308,19
306,19
308,19
306,19
312,19
308,19
308,19
308,19
799,19
316,19
312,19
1161,19
1162,19
1162,19
1162,19
1162,19
1163,19
442,19
357,19
799,19
401,19
1164,19
543,19
1165,19
364,19
618,19
1166,19
511,19
646,19
1167,19
644,19
1168,19
845,19
645,19
850,19
675,19
645,19
645,19
690,19
850,19
690,19
690,19
704,19
690,19
693,19
699,19
750,19
1169,20
1159,20
1170,20
1171,20
1120,20
1172,20
1160,20
1173,20
1174,20
1174,20
1174,20
1127,20
1174,20
1175,20
1175,20
1174,20
1175,20
1175,20
1175,20
1174,20
1175,20
1175,20
1175,20
1176,20
1057,20
1056,20
1177,20
1177,20
1177,20
1177,20
1177,20
1178,20
1179,20
1180,20
1181,20
1179,20
1060,20
1182,20
1142,20
1181,20
1181,20
1180,20
1183,20
1184,20
1185,20
1186,20
451,20
1187,20
140,21
1188,20
141,21
1189,21
109,20
146,21
140,21
876,21
764,21
876,21
143,21
1187,20
876,21
876,21
876,21
876,21
876,21
876,21
877,21
877,21
156,21
876,21
156,21
180,21
159,21
156,21
180,21
153,21
157,21
180,21
180,21
180,21
772,21
215,21
216,21
211,21
210,21
209,21
1190,21
209,21
229,21
262,21
269,21
281,21
259,21
229,21
280,21
280,21
284,21
1191,21
1192,21
216,21
314,21
1193,21
1194,21
51,21
1194,21
1195,21
1196,21
355,21
1194,21
1194,21
926,21
1197,21
390,21
380,21
391,21
391,21
391,21
390,21
391,21
391,21
391,21
391,21
394,21
391,21
391,21
1198,21
391,21
407,21
406,21
391,21
413,21
416,21
409,21
413,21
413,21
413,21
412,21
413,21
413,21
424,21
414,21
417,21
440,21
1199,21
456,21
451,21
458,21
459,21
77,21
457,21
460,21
462,21
1200,21
460,21
460,21
1201,21
460,21
942,21
942,21
507,21
564,21
829,21
1202,21
566,21
541,21
949,21
512,21
957,21
568,21
568,21
571,21
571,21
568,21
568,21
568,21
568,21
568,21
568,21
568,21
568,21
584,21
582,21
580,21
568,21
584,21
584,21
586,21
1203,21
585,21
1204,21
980,21
589,21
586,21
1205,21
600,21
602,21
633,21
1206,21
682,21
851,21
635,21
1207,21
682,21
672,21
997,21
995,21
129,22
131,22
138,22
998,21
762,21
136,22
139,22
997,21
696,21
137,22
682,21
147,22
200,22
200,22
224,22
238,22
242,22
235,22
199,22
287,22
297,22
242,22
242,22
292,22
242,22
252,22
340,22
291,22
302,22
347,22
302,22
386,22
302,22
348,22
385,22
426,22
384,22
429,22
385,22
385,22
388,22
387,22
427,22
467,22
428,22
437,22
509,22
487,22
431,22
471,22
465,22
1208,22
493,22
577,22
531,22
590,22
565,22
592,22
592,22
592,22
592,22
593,22
592,22
592,22
592,22
592,22
689,22
592,22
700,22
594,22
739,22
738,22
738,22
705,22
742,22
741,22
738,22
741,22
741,22
741,22
741,22
738,22
741,22
743,22
741,22
741,22
741,22
744,22
741,22
741,22
743,22
744,22
744,22
745,22
745,22
745,22
745,22
745,22
746,22
860,3
1209,3
860,3
860,3
860,3
137,3
1210,3
136,3
147,3
200,3
200,3
1211,3
770,3
224,3
1212,3
775,3
775,3
865,3
889,3
1213,3
1214,3
1215,3
783,3
302,3
297,3
302,3
793,3
1216,3
1217,3
302,3
905,3
894,3
238,3
1020,3
1020,3
1058,3
1020,3
1218,3
1020,3
1219,3
1020,3
1220,3
1220,3
809,3
1020,3
1220,3
1063,3
1220,3
1221,3
1220,3
1182,3
1220,3
1221,3
1222,3
1223,3
1130,3
901,3
901,3
907,3
901,3
910,3
908,3
911,3
908,3
914,3
909,3
917,3
917,3
920,3
923,3
921,3
919,3
919,3
925,3
922,3
919,3
929,3
929,3
924,3
928,3
929,3
929,3
927,3
929,3
929,3
929,3
929,3
929,3
1224,3
929,3
929,3
1225,3
929,3
929,3
1226,3
1227,3
1228,3
1229,3
385,3
1230,3
383,3
385,3
1231,3
1232,3
1233,3
1234,3
1235,3
1235,3
815,3
1236,3
1237,3
1024,3
1024,3
1185,3
1238,3
1239,3
938,3
938,3
1240,3
1239,3
1241,3
493,3
471,3
1242,3
1243,3
1244,3
1026,3
531,3
1042,3
1208,3
1245,3
948,3
948,3
948,3
948,3
948,3
869,3
948,3
948,3
868,3
948,3
868,3
868,3
948,3
868,3
868,3
948,3
953,3
950,3
956,3
1246,3
1247,3
1164,3
1248,3
958,3
1249,3
94,3
960,3
962,3
966,3
970,3
969,3
969,3
969,3
971,3
971,3
975,3
971,3
974,3
971,3
971,3
974,3
979,3
977,3
974,3
978,3
977,3
977,3
977,3
977,3
977,3
592,3
1250,3
593,3
592,3
592,3
592,3
837,3
109,3
109,3
592,3
109,3
592,3
109,3
592,3
109,3
109,3
109,3
986,3
844,3
1251,3
1252,3
1149,3
1253,3
987,3
987,3
985,3
987,3
700,3
993,3
999,3
689,3
1007,3
1254,3
855,3
1008,3
1255,3
1256,3
1004,3
892,23
243,23
1006,3
877,23
892,23
1257,23
1002,3
41,23
1258,3
1259,23
270,23
1260,23
1011,23
1261,23
1180,23
1013,23
1262,23
310,23
1013,23
1262,23
1180,23
346,23
1262,23
1262,23
802,23
346,23
346,23
346,23
346,23
1263,23
418,23
346,23
67,23
450,23
466,23
446,23
494,23
500,23
1264,23
1265,23
1266,23
94,23
82,23
94,23
94,23
100,23
100,23
90,23
103,23
99,23
112,23
103,23
980,23
980,23
973,23
591,23
587,23
980,23
961,23
980,23
970,23
980,23
980,23
963,23
980,23
980,23
980,23
980,23
980,23
839,23
980,23
839,23
109,23
1267,23
1268,23
1268,23
707,23
707,23
1269,23
706,23
1270,23
707,23
707,23
50,24
20,24
1214,24
1209,24
1216,24
1215,24
707,23
1162,24
1126,24
1161,24
1162,24
1054,24
1162,24
1126,24
1162,24
1271,24
1253,24
1272,24
1273,24
1274,24
1256,24
1275,24
1275,24
1276,24
1277,25
51,25
51,25
1278,25
51,25
1279,25
1280,26
1123,26
1279,25
1281,26
1282,25
1123,26
1283,26
1233,26
1283,26
1283,26
1284,26
1023,26
1141,26
1283,26
1275,26
1285,27
1286,27
1153,26
1286,27
1275,26
1287,26
1286,27
1286,27
1046,28
846,27
773,28
774,28
774,28
157,28
187,28
764,28
1288,28
217,28
792,28
1289,28
40,28
272,28
280,28
1290,28
322,28
790,28
896,28
788,28
300,28
1063,28
808,28
1291,28
354,28
1197,28
355,28
801,28
1292,28
366,28
367,28
366,28
1293,28
351,28
366,28
1294,28
1285,28
806,28
810,28
1295,28
382,28
1296,28
806,28
1297,28
1298,28
941,28
1239,28
943,28
1299,28
1300,28
939,28
1301,28
1300,28
945,28
829,28
517,28
511,28
94,28
94,28
1302,28
989,28
837,28
983,28
109,28
109,28
1303,28
1304,28
851,28
682,28
853,28
1305,28
682,28
1306,28
1307,28
682,28
853,28
692,28
704,28
1308,28
704,28
692,28
1309,28
704,28
1256,28
861,28
708,28
704,28
857,28
1310,28
127,28
1311,6
771,6
1312,6
1313,6
1009,28
1314,6
1315,6
1316,6
774,6
1212,6
1290,6
777,6
862,6
775,6
778,6
1170,6
774,6
776,6
1317,6
1318,6
1319,6
1257,6
1320,6
1321,6
779,6
1322,6
1323,6
1324,6
1260,6
1325,6
805,6
797,6
1326,6
1327,6
1174,6
1174,6
1175,6
1174,6
1175,6
1174,6
1175,6
1175,6
1174,6
1174,6
1057,6
1175,6
1175,6
1175,6
1175,6
1056,6
1177,6
1176,6
1177,6
1177,6
1177,6
1177,6
1060,6
1181,6
1179,6
1328,6
1181,6
1178,6
1179,6
1181,6
929,6
804,6
1329,6
1330,6
1331,6
807,6
1066,6
1332,6
1333,6
1334,6
1335,6
1294,6
1336,6
1337,6
1338,6
817,6
1339,6
1340,6
817,6
461,6
1341,6
816,6
1185,6
1071,6
818,6
1185,6
1071,6
1071,6
1071,6
1185,6
818,6
818,6
818,6
818,6
818,6
818,6
818,6
818,6
820,6
818,6
820,6
818,6
818,6
820,6
820,6
820,6
820,6
820,6
820,6
820,6
1183,6
820,6
820,6
820,6
820,6
1342,6
820,6
1343,6
1343,6
1343,6
1343,6
1343,6
1343,6
1343,6
1343,6
1342,6
1343,6
1343,6
1343,6
1343,6
1343,6
1343,6
1343,6
1343,6
1343,6
1343,6
1343,6
1343,6
1343,6
1343,6
1343,6
1343,6
1343,6
1343,6
1343,6
1343,6
1343,6
1343,6
1343,6
1343,6
1343,6
1343,6
1343,6
1343,6
1343,6
1343,6
1343,6
1343,6
1343,6
1343,6
1343,6
1343,6
1343,6
1343,6
1343,6
1343,6
1343,6
1343,6
1343,6
1070,6
1070,6
1343,6
1344,6
91,6
91,6
1345,6
1343,6
1343,6
1346,6
1347,6
1348,6
1346,6
824,6
830,6
1349,6
1350,6
1351,6
1352,6
1353,6
1352,6
1148,6
94,6
94,6
94,6
94,6
1302,6
94,6
94,6
94,6
94,6
94,6
94,6
94,6
94,6
94,6
94,6
94,6
94,6
94,6
94,6
94,6
831,6
1354,6
1355,6
1356,6
94,6
109,6
109,6
109,6
831,6
109,6
109,6
109,6
835,6
109,6
109,6
109,6
841,6
1075,6
109,6
1077,6
1076,6
1357,6
1358,6
1359,6
1207,6
1360,6
1287,6
1361,6
846,6
852,6
843,6
118,6
1362,6
1363,6
1364,6
1310,6
1365,6
1366,6
1367,6
1368,6
766,29
148,29
1369,6
19,29
1370,6
1371,6
1372,6
1373,29
142,29
160,29
877,29
877,29
192,29
19,29
218,29
227,29
775,29
1049,29
1374,29
1375,29
1049,29
245,29
323,29
288,29
315,29
323,29
343,29
344,29
1376,29
1377,29
787,29
804,29
398,29
1378,29
415,29
807,29
3,29
410,29
411,29
422,29
422,29
3,29
421,29
420,29
419,29
421,29
421,29
421,29
421,29
421,29
421,29
421,29
423,29
421,29
421,29
423,29
421,29
423,29
1379,29
423,29
441,29
423,29
423,29
1380,29
443,29
472,29
1381,29
1236,29
940,29
484,29
1381,29
1381,29
1381,29
1382,29
482,29
482,29
482,29
1383,29
822,29
1384,29
1069,29
86,29
497,29
497,29
1383,29
482,29
1271,29
497,29
515,29
497,29
514,29
512,29
519,29
519,29
512,29
521,29
523,29
520,29
522,29
521,29
522,29
522,29
522,29
522,29
522,29
522,29
522,29
522,29
522,29
522,29
1352,29
524,29
526,29
522,29
532,29
522,29
522,29
534,29
535,29
528,29
536,29
535,29
546,29
535,29
545,29
542,29
535,29
544,29
544,29
542,29
547,29
544,29
535,29
544,29
549,29
548,29
549,29
557,29
549,29
94,29
1385,29
94,29
959,29
963,29
980,29
980,29
980,29
980,29
980,29
980,29
980,29
980,29
1386,29
980,29
109,29
109,29
980,29
109,29
980,29
980,29
980,29
1387,29
109,29
1184,29
604,29
601,29
607,29
601,29
601,29
607,29
601,29
607,29
601,29
606,29
607,29
606,29
606,29
607,29
608,29
608,29
609,29
608,29
608,29
608,29
608,29
608,29
608,29
608,29
608,29
608,29
608,29
608,29
608,29
608,29
608,29
608,29
608,29
1304,29
608,29
608,29
608,29
1306,29
838,29
608,29
1303,29
608,29
621,29
1388,29
626,29
1389,29
636,29
1359,29
622,29
1307,29
623,29
1365,29
1390,29
1390,29
1000,29
733,29
703,29
733,29
733,29
765,29
765,29
730,29
1369,29
127,29
1372,29
757,29
1366,29
730,29
1391,30
759,29
758,29
145,30
149,30
1391,30
150,30
1045,30
183,30
168,30
182,30
155,30
182,30
184,30
182,30
182,30
182,30
184,30
182,30
1173,30
231,30
198,30
1171,30
240,30
1392,30
1393,30
251,30
253,30
787,30
266,30
248,30
267,30
241,30
274,30
1394,30
1395,30
1053,30
789,30
313,30
1053,30
796,30
1179,30
1053,30
1179,30
354,30
353,30
352,30
358,30
356,30
365,30
358,30
358,30
368,30
359,30
1396,30
1061,30
358,30
405,30
75,30
492,30
402,30
408,30
518,30
504,30
501,30
1397,30
539,30
1397,30
1398,30
553,30
561,30
551,30
1399,30
968,30
550,30
1073,30
833,30
967,30
596,30
109,30
1078,30
641,30
109,30
109,30
614,30
616,30
686,30
616,30
688,30
1305,30
697,30
748,30
697,30
1400,30
749,30
748,30
748,30
749,30
697,30
171,31
754,30
168,31
170,31
1401,31
185,31
189,31
1333,31
408,31
1338,31
834,31
1046,31
289,31
369,31
831,31
708,31
144,32
831,31
1311,32
603,31
1315,32
28,32
1370,31
1402,32
1402,32
858,31
1289,32
1327,32
1326,32
1376,32
1330,32
48,32
1403,32
1404,32
1329,32
1328,32
1331,32
807,32
44,32
1198,32
1061,32
1335,32
1264,32
1232,32
816,32
1341,32
82,32
1041,32
1236,32
1185,32
1405,32
1067,32
1068,32
1383,32
821,32
1185,32
1353,32
1200,32
1352,32
1347,32
1350,32
502,32
1070,32
1352,32
1349,32
1074,32
1406,32
1352,32
1352,32
1352,32
1352,32
1406,32
1248,32
109,32
1204,32
1389,32
630,32
1356,32
1407,32
1408,32
1387,32
1365,32
1083,32
1038,32
118,32
1409,32
14,32
1368,32
1410,32
1369,32
1033,32
760,33
1371,32
1411,32
1190,33
18,33
1412,32
1372,32
1413,33
760,33
1015,33
1015,33
760,33
1260,33
1015,33
1051,33
1377,33
1053,33
338,33
1414,33
1218,33
1043,33
1324,33
1320,33
1061,33
1292,33
1059,33
1295,33
804,33
768,33
1059,33
1128,33
1136,33
1062,33
460,33
1379,33
435,33
1140,33
460,33
470,33
1143,33
1199,33
1382,33
460,33
1336,33
16,33
1384,33
1072,33
1383,33
94,33
1026,33
1202,33
94,33
1352,33
1265,33
94,33
94,33
94,33
94,33
94,33
94,33
94,33
94,33
94,33
94,33
94,33
94,33
94,33
94,33
94,33
94,33
94,33
94,33
94,33
94,33
94,33
94,33
94,33
94,33
94,33
94,33
94,33
94,33
94,33
94,33
94,33
1415,33
94,33
1415,33
94,33
94,33
1249,33
94,33
1415,33
763,33
94,33
1206,33
1388,33
1416,33
1203,33
1417,33
1418,33
1357,33
1419,33
1360,33
1154,33
843,33
1408,33
1309,33
1152,33
1420,33
828,34
828,34
828,34
828,34
741,33
828,34
828,34
1039,33
828,34
828,34
828,34
256,35
282,35
849,34
798,35
239,35
361,35
361,35
769,35
282,35
1404,35
1421,35
516,35
75,35
530,35
1335,35
1422,35
826,35
516,35
516,35
832,35
692,35
643,35
1287,35
1080,35
1315,4
599,35
1361,35
203,4
203,4
859,35
207,4
203,4
208,4
1423,35
1423,35
338,4
335,4
339,4
1272,4
449,4
692,35
220,4
1331,4
485,4
75,4
377,4
485,4
572,4
508,4
1406,4
657,4
573,4
691,4
569,4
1406,4
274,36
619,4
263,36
345,36
309,36
364,36
237,36
378,36
353,36
378,36
496,36
5,36
468,36
4,36
378,36
378,36
5,36
690,36
643,36
675,36
530,36
661,36
1424,36
1425,36
690,36
695,36
613,36
702,36
1044,37
1280,37
1044,37
1189,37
1426,37
1044,37
1044,37
1044,37
1117,37
1044,37
1044,37
1312,37
1373,37
1401,37
17,37
1427,37
1158,37
21,37
1391,37
22,37
1391,37
1314,37
1045,37
1046,37
1428,37
1210,37
774,37
1316,37
1315,37
770,37
1211,37
1031,37
1288,37
1040,37
1402,37
1213,37
1048,37
1402,37
1047,37
1429,37
236,37
761,37
1048,37
1392,37
761,37
1050,37
1375,37
1290,37
1430,37
1212,37
1086,37
1048,37
1050,37
871,37
1261,37
1317,37
871,37
1121,37
1257,37
1319,37
1259,37
1318,37
1394,37
1049,37
864,37
37,37
864,37
1123,37
1431,37
1123,37
1055,37
1014,37
1049,37
1432,37
1019,37
1019,37
1014,37
1014,37
1018,37
1018,37
1018,37
1018,37
1018,37
1018,37
1018,37
1018,37
1018,37
1018,37
1018,37
1018,37
1018,37
1018,37
1018,37
1217,37
39,37
1021,37
39,37
1433,37
1434,37
1321,37
1195,37
1435,37
1322,37
1192,37
49,37
1436,37
1191,37
872,37
1437,37
1124,37
47,37
1053,37
1438,37
1125,37
1124,37
1125,37
1125,37
1326,37
874,37
1034,37
1125,37
1125,37
1283,37
1125,37
1219,37
1283,37
1283,37
1194,37
874,37
1194,37
1194,37
1283,37
1174,37
1194,37
1327,37
1174,37
1174,37
1196,37
1174,37
1174,37
1175,37
1174,37
1175,37
1175,37
1175,37
1175,37
1175,37
1175,37
1175,37
1057,37
1176,37
1178,37
1056,37
1177,37
1177,37
1177,37
1179,37
1181,37
1177,37
1177,37
1181,37
1060,37
1181,37
1291,37
1058,37
1179,37
1439,37
1020,37
1020,37
809,37
1020,37
1220,37
1020,37
1020,37
1220,37
1020,37
1220,37
1220,37
1220,37
63,37
1221,37
1262,37
1221,37
1220,37
1064,37
1063,37
1440,37
1262,37
1262,37
1262,37
1130,37
1129,37
1197,37
59,37
1223,37
1222,37
1441,37
366,37
1228,37
806,37
1224,37
1022,37
1293,37
1334,37
1023,37
1226,37
1225,37
1378,37
1131,37
1296,37
1294,37
1132,37
1285,37
1133,37
1227,37
1134,37
1229,37
1230,37
1333,37
1231,37
1264,37
1198,37
1442,37
1138,37
1,37
1,37
436,37
1135,37
1335,37
1137,37
1331,37
1380,37
1237,37
1297,37
1235,37
1066,37
1233,37
1338,37
1235,37
1339,37
1332,37
1065,37
1024,37
1340,37
1041,37
84,37
816,37
461,37
1421,37
1024,37
83,37
1041,37
82,37
1300,37
1300,37
1238,37
82,37
1071,37
1144,37
1071,37
1299,37
1071,37
1071,37
1241,37
1071,37
1071,37
1239,37
1381,37
1240,37
1239,37
1301,37
1239,37
1342,37
1381,37
1342,37
1343,37
1343,37
1381,37
1343,37
1381,37
1343,37
1343,37
1343,37
1343,37
1343,37
1343,37
1343,37
1343,37
1343,37
1343,37
1343,37
1343,37
1343,37
1343,37
1343,37
1343,37
1343,37
1343,37
1343,37
1343,37
1343,37
1343,37
1343,37
1343,37
1343,37
1343,37
1343,37
1343,37
1343,37
1343,37
1343,37
1343,37
1343,37
1343,37
1343,37
1343,37
1343,37
1343,37
1343,37
1343,37
1343,37
1343,37
1343,37
1343,37
1343,37
1343,37
1343,37
1383,37
1343,37
1343,37
1343,37
1343,37
8,37
8,37
1069,37
1070,37
8,37
1035,37
86,37
1145,37
1163,37
1070,37
91,37
1208,37
1201,37
1242,37
1422,37
1398,37
91,37
1243,37
1244,37
1245,37
1352,37
1397,37
1266,37
1042,37
93,37
1397,37
1443,37
1148,37
1073,37
1444,37
1349,37
1351,37
1246,37
1247,37
1399,37
1385,37
873,37
1164,37
1445,37
1165,37
1446,37
1302,37
828,37
828,37
1446,37
828,37
828,37
828,37
828,37
828,37
1166,37
828,37
1406,37
1248,37
1447,37
1448,37
1204,37
1027,37
1386,37
109,37
1355,37
828,37
1356,37
1354,37
109,37
109,37
109,37
109,37
109,37
109,37
109,37
109,37
109,37
109,37
109,37
109,37
109,37
109,37
109,37
109,37
109,37
109,37
109,37
109,37
109,37
109,37
109,37
109,37
109,37
109,37
109,37
109,37
109,37
109,37
109,37
109,37
109,37
109,37
109,37
1077,37
1168,37
1075,37
109,37
1304,37
1076,37
1306,37
1251,37
1303,37
1206,37
1267,37
1078,37
1307,37
1358,37
1449,37
1450,37
1268,37
1451,37
1186,37
1149,37
1452,37
1453,37
1252,37
1453,37
1453,37
1453,37
1453,37
1453,37
655,37
1453,37
1305,37
849,37
1453,37
1359,37
1361,37
1287,37
1207,37
1308,37
118,37
1425,37
1150,37
117,37
1365,37
122,37
1424,37
1390,37
1390,37
119,37
1151,37
1454,37
765,37
1029,37
1454,37
765,37
1454,37
1454,37
1269,37
852,37
1030,37
1362,37
1364,37
1455,37
1368,37
1363,37
1156,37
1255,37
1409,37
1155,37
1310,37
1456,37
1367,37
1369,37
14,37
1258,37
1033,37
1411,37
1188,37
1423,37
1366,37
1370,37
1457,37
1032,37
1412,37
1081,37
1284,38
1124,38
1281,38
1129,38
1145,38
1139,38
1372,37
1117,38
919,38
1124,38
1458,38
1275,38
1458,38
1427,2
1275,38
135,2
1313,2
877,2
163,2
840,38
1459,2
879,2
877,2
163,2
144,2
878,2
878,2
878,2
878,2
878,2
165,2
169,2
174,2
878,2
1460,2
1428,2
166,2
878,2
181,2
197,2
186,2
191,2
1461,2
195,2
1460,2
193,2
192,2
198,2
194,2
196,2
1169,2
204,2
201,2
1172,2
201,2
202,2
1429,2
1047,2
221,2
219,2
881,2
226,2
885,2
882,2
884,2
219,2
888,2
886,2
883,2
1430,2
228,2
775,2
890,2
775,2
246,2
254,2
777,2
257,2
1403,2
250,2
893,2
1052,2
1462,2
786,2
283,2
1055,2
782,2
1462,2
1431,2
1432,2
1462,2
1462,2
1462,2
864,2
864,2
1462,2
285,2
286,2
785,2
1414,2
286,2
1321,2
1192,2
1324,2
1434,2
1433,2
301,2
296,2
293,2
1437,2
320,2
794,2
1436,2
318,2
305,2
1438,2
319,2
897,2
327,2
325,2
324,2
328,2
326,2
328,2
1439,2
327,2
902,2
902,2
902,2
360,2
900,2
913,2
804,2
1440,2
1441,2
362,2
1396,2
366,2
366,2
372,2
931,2
371,2
931,2
1285,2
374,2
931,2
373,2
1279,2
1294,2
1279,2
395,2
392,2
1278,2
393,2
932,2
935,2
392,2
811,2
392,2
1442,2
405,2
425,2
814,2
1277,2
936,2
933,2
1339,2
816,2
816,2
1463,2
1463,2
464,2
1464,2
1463,2
469,2
469,2
1405,2
469,2
469,2
469,2
469,2
469,2
469,2
469,2
469,2
469,2
473,2
474,2
469,2
473,2
469,2
475,2
479,2
1344,2
473,2
494,2
1071,2
475,2
498,2
490,2
475,2
499,2
495,2
500,2
502,2
505,2
1465,2
1465,2
506,2
1465,2
1465,2
1352,2
506,2
1352,2
1465,2
524,2
1443,2
529,2
946,2
952,2
947,2
1444,2
529,2
951,2
951,2
951,2
954,2
955,2
951,2
554,2
552,2
560,2
94,2
955,2
94,2
94,2
1074,2
579,2
94,2
1445,2
561,2
836,2
1447,2
964,2
1249,2
982,2
981,2
981,2
976,2
982,2
982,2
976,2
598,2
835,2
976,2
982,2
1417,2
595,2
1416,2
982,2
109,2
109,2
109,2
109,2
605,2
109,2
620,2
611,2
109,2
620,2
627,2
1449,2
625,2
632,2
988,2
843,2
630,2
984,2
1186,2
1450,2
628,2
631,2
1186,2
994,2
654,2
638,2
991,2
639,2
640,2
650,2
652,2
653,2
653,2
1452,2
847,2
653,2
1274,2
1187,2
847,2
653,2
990,2
1273,2
1420,2
1419,2
992,2
1187,2
1453,2
1453,2
1453,2
1453,2
1453,2
1453,2
655,2
1453,2
656,2
1453,2
656,2
656,2
656,2
656,2
656,2
656,2
656,2
656,2
658,2
659,2
663,2
656,2
656,2
656,2
662,2
848,2
664,2
656,2
662,2
662,2
662,2
674,2
677,2
680,2
679,2
681,2
676,2
677,2
677,2
677,2
678,2
677,2
677,2
677,2
694,2
677,2
683,2
1408,2
677,2
677,2
700,2
677,2
1408,2
712,2
856,2
1455,2
715,2
996,2
852,2
735,2
736,2
734,2
734,2
852,2
1001,2
1003,2
747,2
747,2
751,2
1409,2
1005,2
1412,2
1409,2
1188,2
1457,2
8,1
825,1
8,1
1454,1
1466,39
1454,1
1466,39
94,1
1454,1
1466,39
1466,39
1466,39
1454,1
1466,39
1466,39
1466,39
823,0
1451,0
1062,0
1344,0
1083,0
1456,0
